{"cameraMode":{"drawMode":0,"name":"Shaded","section":"Shading Mode"},"sceneLighting":true,"audioPlay":false,"sceneViewState":{"showFog":true,"showMaterialUpdate":false,"showSkybox":true,"showFlares":true,"showImageEffects":true,"showParticleSystems":true},"in2DMode":false,"pivot":{"x":-11.407926559448243,"y":-4.9019927978515629,"z":8.308448791503907},"rotation":{"x":-0.36655277013778689,"y":0.006138375494629145,"z":-0.0024182756897062065,"w":-0.9303740859031677},"size":18.454570770263673,"orthographic":false}